recordedDate,QID60_TEXT,QID59_TEXT,QID53,QID54,QID55,QID56
Recorded Date,Q67 - Where is your nationality?,"Q66 - To which academy do you belong? If it is affiliated, what is the affiliatio...",Q55 - What is your gender?,Q57 - What is your age?,Q59 - What is your race/ethnicity?,Q61 - How would you describe yourself in terms of political ideology?
2016-08-04 12:07:50,usa,,Female,25,White/Caucasian,5
2016-08-04 12:07:50,,,,,,
2016-08-04 06:18:35,,,,,,
2016-08-03 22:27:59,USA,Ascension,Male,45,White/Caucasian,3 Independent/Moderate
2016-08-02 16:57:03,,Real World Martial Arts- Renzo Gracie Affiliate,Male,26,White/Caucasian,4
2016-08-01 16:30:29,50/50 Irish/Welsh,,Male,32,White/Caucasian,3 Independent/Moderate
2016-08-01 10:49:43,,,,,,
2016-07-30 13:47:16,,Rubao Carioca- Section 8 MMA,Female,36,White/Caucasian,3 Independent/Moderate
2016-07-29 08:05:56,,,,,,
2016-07-28 19:08:00,American,Peoria Athletic Club- Jack McVicker,Male,43,White/Caucasian,0 Republican/Conservative
2016-07-27 10:59:53,Usa,,Female,28,White/Caucasian,5
2016-07-26 18:18:19,,,,,,
2016-07-25 13:08:19,US,Fabio Santos,Male,,White/Caucasian,2
2016-07-25 08:06:10,,,,,,
2016-07-25 01:04:35,france,Milton Bastos,Male,41,White/Caucasian,5
2016-07-24 01:44:00,,,,,,
2016-07-21 08:01:24,American,Relson Gracie,Male,53,White/Caucasian,2
2016-07-19 14:01:37,Spain,,Male,25,Hispanic/Latino,3 Independent/Moderate
2016-07-18 08:30:53,Czech,,Male,28,White/Caucasian,5
2016-07-18 07:17:55,Usa,,Male,35,Hispanic/Latino,4
2016-07-18 05:24:11,UK,,Male,26,White/Caucasian,6 Democratic/Liberal
2016-07-15 04:03:58,United States,,Male,46,White/Caucasian,2
2016-07-15 02:47:19,US,,Male,37,White/Caucasian,3 Independent/Moderate
2016-07-14 19:56:16,,,,,,
2016-07-14 15:40:10,,,,,,
2016-07-14 15:37:00,,,,,,
2016-07-14 13:37:58,British/American,,Male,26,White/Caucasian,3 Independent/Moderate
2016-07-14 10:52:49,,,Male,36,White/Caucasian,5
2016-07-14 09:47:43,,,,,,
2016-07-14 08:18:21,,,,,,
2016-07-14 08:15:47,USA,,Male,37,White/Caucasian,3 Independent/Moderate
2016-07-13 21:01:37,usa/french,,Male,44,White/Caucasian,6 Democratic/Liberal
2016-07-13 20:43:17,,,,,,
2016-07-13 16:37:24,,,,,,
2016-07-13 14:28:01,USA,River city warriors pedro sauer,Male,27,White/Caucasian,3 Independent/Moderate
2016-07-13 13:58:24,Canadian,,Male,49,White/Caucasian,6 Democratic/Liberal
2016-07-13 13:25:29,Irish/German/English,Boise Base/ Alliance Affilate,Male,42,White/Caucasian,3 Independent/Moderate
2016-07-13 02:28:36,USA,Aloha Academy Jiu Jitsu,Male,41,Asian/Pacific Islander,3 Independent/Moderate
2016-07-12 20:33:05,American,,Male,37,White/Caucasian,2
2016-07-12 18:43:22,American,,Male,42,White/Caucasian,5
2016-07-12 18:31:04,"American ",,Male,32,White/Caucasian,3 Independent/Moderate
2016-07-12 18:27:09,,,,,,
2016-07-12 18:25:13,,,,,,
2016-07-12 18:22:40,,,,,,
2016-07-12 17:01:42,American / USA,Richmond BJJ - Revolution BJJ,Female,27,White/Caucasian,3 Independent/Moderate
2016-07-12 16:41:37,,,Male,34,White/Caucasian,4
2016-07-12 15:51:15,Scotland,Not affiliated,Male,31,White/Caucasian,6 Democratic/Liberal
2016-07-12 15:44:25,,,Male,31,White/Caucasian,1
2016-07-12 15:31:27,,,Male,25,Asian/Pacific Islander,4
2016-07-12 12:50:38,,,,,,
2016-07-12 11:56:25,Ukranian,Tom DeBlass - OCBJJ,Male,28,White/Caucasian,3 Independent/Moderate
2016-07-12 11:00:23,,,,,,
2016-07-12 09:41:02,Scottish,,Male,36,Native American/American Indian,4
2016-07-12 09:39:44,"African-American ","Vandry Jiu-Jitsu - A Macho Affiliate. Before that Anibal Lobo Brazilian Jiu Jitsu -Pedro Sauer affiliate ",Male,40,Black/African American,6 Democratic/Liberal
2016-07-12 07:25:33,,Roger Gracie Academy Gymbox,Male,36,White/Caucasian,5
2016-07-12 07:06:35,,,,,,
2016-07-12 05:42:27,,,,,,
2016-07-12 02:38:48,,,,,,
2016-07-11 19:20:33,,,,,,
2016-07-11 16:36:12,polish,,Male,36,White/Caucasian,2
2016-07-11 15:27:30,,,,,,
2016-07-11 13:09:50,,,,,,
2016-07-11 12:43:26,,,,,,
2016-07-11 12:23:28,Israeli American,,Male,43,Asian/Pacific Islander,3 Independent/Moderate
2016-07-11 10:19:19,American,,Female,22,Asian/Pacific Islander,5
2016-07-11 09:47:59,american,,Male,37,White/Caucasian,3 Independent/Moderate
2016-07-11 03:32:05,,,,,,
2016-07-11 03:22:49,Singaporean,,Male,20,Asian/Pacific Islander,3 Independent/Moderate
2016-07-10 23:46:22,Colombian,,Male,34,Hispanic/Latino,3 Independent/Moderate
2016-07-10 23:28:22,,,,,,
2016-07-10 23:25:05,,,Male,37,White/Caucasian,
2016-07-10 23:16:57,,,Female,30,Asian/Pacific Islander,2
2016-07-10 22:51:59,American,,Male,36,Hispanic/Latino,1
2016-07-10 18:38:02,,,Male,22,Hispanic/Latino,3 Independent/Moderate
2016-07-10 15:10:42,"USA ",Alliance - Naperville IL,Male,49,White/Caucasian,3 Independent/Moderate
2016-07-10 14:54:34,Turkey,Kazgan MMA,Male,19,White/Caucasian,3 Independent/Moderate
2016-07-10 14:16:03,Hungarian,,Male,35,White/Caucasian,6 Democratic/Liberal
2016-07-10 13:46:47,,,Male,28,White/Caucasian,5
2016-07-10 13:38:39,Poland,Alliance Warszawa,Male,30,White/Caucasian,5
2016-07-10 13:08:03,,,,26,White/Caucasian,0 Republican/Conservative
2016-07-10 11:15:58,,,Male,28,White/Caucasian,2
2016-07-10 10:33:53,american,,Female,24,White/Caucasian,4
2016-07-10 08:00:34,Montenegrin,,Male,28,White/Caucasian,3 Independent/Moderate
2016-07-10 05:38:04,Hungarian,,Male,21,White/Caucasian,3 Independent/Moderate
2016-07-10 03:28:53," Canadian",Kaboom bjj - rafael lavato jr affiliate,Male,34,Asian/Pacific Islander,6 Democratic/Liberal
2016-07-10 02:22:24,Turkish,Corvos combat,Male,26,White/Caucasian,4
2016-07-10 01:40:50,,,Male,35,White/Caucasian,3 Independent/Moderate
2016-07-09 21:40:19,irish,,Male,33,White/Caucasian,0 Republican/Conservative
2016-07-09 20:57:20,,,,,,
2016-07-09 20:39:47,ECUADORIAN,"TEAM PREDADOR ",Male,24,White/Caucasian,3 Independent/Moderate
2016-07-09 19:58:05,,,,,,
2016-07-09 19:18:30,,,,,,
2016-07-09 19:01:40,"German ",,Male,23,White/Caucasian,3 Independent/Moderate
2016-07-09 18:53:41,,,,,,
2016-07-09 18:32:12,,,,,,
2016-07-09 17:37:49,,,Male,33,White/Caucasian,3 Independent/Moderate
2016-07-09 17:25:52,,,,,,
2016-07-09 16:59:12,Ireland,,Male,18,White/Caucasian,3 Independent/Moderate
2016-07-09 16:02:19,DE,,Male,30,White/Caucasian,4
2016-07-09 15:56:32,Dutch,,Male,27,White/Caucasian,3 Independent/Moderate
2016-07-09 15:55:34,,,,,,
2016-07-09 15:17:19,,,,,,
2016-07-09 15:08:29,Montenegrin,,Male,21,White/Caucasian,3 Independent/Moderate
2016-07-09 15:03:45,,,Male,,White/Caucasian,6 Democratic/Liberal
2016-07-09 14:49:21,"American, originally from the Soviet Union (Ukraine)",UCLA Recreation Martial Arts,Female,33,White/Caucasian,6 Democratic/Liberal
2016-07-09 14:01:25,,,,,,
2016-07-09 13:45:46,Spanish,,Male,24,Hispanic/Latino,3 Independent/Moderate
2016-07-09 13:23:40,,,,,,
2016-07-09 13:09:10,American,,Male,37,Asian/Pacific Islander,4
2016-07-09 11:46:11,,,,,,
2016-07-09 11:44:27,France,,Male,23,White/Caucasian,4
2016-07-09 09:23:52,,,Male,45,,2
2016-07-09 08:38:56,german,,Male,26,White/Caucasian,3 Independent/Moderate
2016-07-09 08:35:56,,"Raptor BJJ ",Male,48,White/Caucasian,2
2016-07-09 07:59:00,,,,,,
2016-07-09 07:16:36,United Kingdom,,Male,19,Native American/American Indian,4
2016-07-09 05:35:48,german american,,Male,32,Hispanic/Latino,3 Independent/Moderate
2016-07-09 04:50:04,Spanish,,Male,36,White/Caucasian,6 Democratic/Liberal
2016-07-09 03:46:03,Hungarian,,Male,32,White/Caucasian,2
2016-07-09 03:36:50,Singaporean,,Male,31,Asian/Pacific Islander,3 Independent/Moderate
2016-07-09 02:55:31,,,,,,
2016-07-09 02:45:22,KOrean,,Male,36,Asian/Pacific Islander,1
2016-07-09 01:14:22,Australian,"None. We're not affiliated. ",Female,33,White/Caucasian,6 Democratic/Liberal
2016-07-08 23:09:22,,,,,,
2016-07-08 22:10:03,,,,,,
2016-07-08 21:43:09,German,,Male,36,White/Caucasian,3 Independent/Moderate
2016-07-08 21:28:43,American,Relson,Male,35,Black/African American,2
2016-07-08 21:06:38,Australian,Boxing Works Sydney - Nova Uniao,Male,35,Asian/Pacific Islander,3 Independent/Moderate
2016-07-08 19:19:50,USA,Renzo Gracie,Male,35,Asian/Pacific Islander,5
2016-07-08 17:25:12,,,,,,
2016-07-08 16:01:04,"American ",,Female,18,White/Caucasian,1
2016-07-08 15:11:54,,,,,,
2016-07-08 14:56:52,,,,,,
2016-07-08 14:31:48,usa,btt,Male,31,White/Caucasian,6 Democratic/Liberal
2016-07-08 14:31:01,American,,Female,45,White/Caucasian,6 Democratic/Liberal
2016-07-08 13:32:22,"USA ",,Female,32,White/Caucasian,3 Independent/Moderate
2016-07-08 13:09:07,USA,,Male,35,White/Caucasian,5
2016-07-08 10:13:59,Netherlands,Gracie Barra,Male,23,White/Caucasian,4
2016-07-08 09:21:29,Welsh,N/A,Male,28,White/Caucasian,5
2016-07-08 06:20:03,,,,,,
2016-07-08 05:37:47,English,"Roy's Magical Shed ",Male,46,White/Caucasian,5
2016-07-08 04:06:53,czech,,Male,33,White/Caucasian,4
2016-07-07 21:06:18,America,,Male,24,Hispanic/Latino,6 Democratic/Liberal
2016-07-07 19:37:39,Mexican,Gracie Barra Westchase,Male,25,Hispanic/Latino,3 Independent/Moderate
2016-07-07 19:06:31,"Irish English Swedish ",Zingano BJJ Luiz Claudio Combat Team,Male,34,White/Caucasian,4
2016-07-07 18:16:14,Romania,,Male,22,White/Caucasian,3 Independent/Moderate
2016-07-07 17:44:22,,Training Grounds NJ,Male,38,White/Caucasian,5
2016-07-07 17:23:55,serbian,,Male,23,White/Caucasian,3 Independent/Moderate
2016-07-07 16:49:35,usa,Rio Pro BJJ,Male,28,White/Caucasian,3 Independent/Moderate
2016-07-07 16:20:21,British (English),,Male,,White/Caucasian,5
2016-07-07 15:59:12,German and Korean,,Female,28,Asian/Pacific Islander,4
2016-07-07 15:49:22,,,,,,
2016-07-07 15:42:31,American,"Jiu jitsu league- atos ",Female,36,Asian/Pacific Islander,6 Democratic/Liberal
2016-07-07 15:36:46,German,,Female,23,White/Caucasian,4
2016-07-07 15:28:49,Italian,"Fight to Win BJJ, Steve Hall - Royce Gracie",Male,31,White/Caucasian,3 Independent/Moderate
2016-07-07 15:26:44,,,Female,36,White/Caucasian,1
2016-07-07 15:16:36,Scottish,,Male,26,White/Caucasian,3 Independent/Moderate
2016-07-07 14:57:24,,,Female,32,White/Caucasian,3 Independent/Moderate
2016-07-07 14:29:22,,,,,,
2016-07-07 13:57:31,USA,Brasa,Male,34,Hispanic/Latino,4
2016-07-07 13:50:54,German,Roger Gracie/Mill Hill BJJ,Male,28,White/Caucasian,3 Independent/Moderate
2016-07-07 13:41:05,American,,Male,33,White/Caucasian,3 Independent/Moderate
2016-07-07 12:41:06,USA,Robert Drysdale BJJ Affiliate,Male,37,White/Caucasian,5
2016-07-07 12:29:39,'Merica,"Alliance Headquarters, Atlanta GA",Male,36,White/Caucasian,2
2016-07-07 12:02:22,American,Conquest BJJ - Vicente Jr Team,Male,22,White/Caucasian,2
2016-07-07 11:47:55,American,Marcelo Garcia Academy - Alliance,Male,32,White/Caucasian,4
2016-07-07 11:26:27,south africa,Gracie Jiu Jitsu - Cape Town,Male,31,White/Caucasian,3 Independent/Moderate
2016-07-07 11:13:59,Colombian,Colombian Federation of Jiu Jitsu & Nino Schembri (one or two months a year),Male,40,Hispanic/Latino,3 Independent/Moderate
2016-07-07 10:40:42,Serbian,,Male,28,White/Caucasian,3 Independent/Moderate
2016-07-07 09:58:24,,,,,,
2016-07-07 09:55:52,"United States ",,Male,25,White/Caucasian,5
2016-07-07 09:47:54,,,Male,24,White/Caucasian,3 Independent/Moderate
2016-07-07 08:53:00,USA,Guerilla Jiu Jitsu,Female,38,White/Caucasian,3 Independent/Moderate
2016-07-07 02:39:10,Australian,Element BJJ - VT1 Affiliate,Male,39,Asian/Pacific Islander,6 Democratic/Liberal
2016-07-06 23:05:43,Canadian,Behring,Male,30,Asian/Pacific Islander,5
2016-07-06 22:55:32,,,Male,30,,2
2016-07-06 18:28:31,,,,,,
2016-07-06 18:18:04,Australian,Gracie Barra,Male,31,White/Caucasian,3 Independent/Moderate
2016-07-06 16:27:23,American,,Male,20,White/Caucasian,3 Independent/Moderate
2016-07-06 15:22:46,Russian,Ralph Gracie,Male,45,White/Caucasian,3 Independent/Moderate
2016-07-06 15:19:12,American,Carlson Gracie Club - Laguna Woods CA,Male,48,Hispanic/Latino,3 Independent/Moderate
2016-07-06 14:23:48,American,,Male,24,White/Caucasian,3 Independent/Moderate
2016-07-06 14:08:00,,,,,,
2016-07-06 14:05:35,"Irish ",,Male,43,White/Caucasian,3 Independent/Moderate
2016-07-06 12:39:59,,,,,,
2016-07-06 12:17:50,American,,Female,29,White/Caucasian,1
2016-07-06 11:52:59,"USA ",,Male,51,White/Caucasian,3 Independent/Moderate
2016-07-06 11:25:12,,,,,,
2016-07-06 11:10:11,American,,Male,44,White/Caucasian,2
2016-07-06 11:09:34,,,Male,32,White/Caucasian,
2016-07-06 10:51:18,,,,,,
2016-07-06 10:46:28,United States,,Male,24,White/Caucasian,4
2016-07-06 10:37:28,,,,,,
2016-07-06 10:26:14,,,,,,
2016-07-06 08:53:57,,,,,,
2016-07-06 08:50:04,,,,,,
2016-07-06 06:20:37,New Zealander,,Male,39,White/Caucasian,6 Democratic/Liberal
2016-07-06 06:15:34,British,"nOva Vida ",Male,37,White/Caucasian,5
2016-07-06 05:45:32,,,,,,
2016-07-06 04:51:04,,,,,,
2016-07-06 00:35:22,"American ","Fight To Win Team Steve Hall- A Royce Gracie Affiliate ",Male,37,White/Caucasian,3 Independent/Moderate
2016-07-06 00:28:56,Usa,,Male,24,White/Caucasian,1
2016-07-05 23:00:14,American,"Ground Zero BJJ, Huntington. WV, a Team SAS affiliate.",Male,48,Native American/American Indian,3 Independent/Moderate
2016-07-05 22:18:55,Canadian,Montreal bjj - Revolution,Male,37,White/Caucasian,3 Independent/Moderate
2016-07-05 20:39:12,"American ","River city warrior's a pedro sauer affiliate ",Male,30,Hispanic/Latino,0 Republican/Conservative
2016-07-05 20:03:45,USA,Triangle Jiu Jitsu Durham - A Royce Gracie Affiliate,Male,27,White/Caucasian,6 Democratic/Liberal
2016-07-05 19:51:17,"USA ",Renato Taveres BJJ,Male,39,Asian/Pacific Islander,0 Republican/Conservative
2016-07-05 19:19:11,,,,,,
2016-07-05 19:07:35,"Italian American ",Cobrinha -Alliance Los Angeles,Male,42,White/Caucasian,3 Independent/Moderate
2016-07-05 18:46:56,US,Rose city warriors- lobo jiu jitsu a pedro sauer affiliate,Male,35,Asian/Pacific Islander,3 Independent/Moderate
2016-07-05 18:32:00,"White American ",Triton Fight center - Rentao Tavares-Carlson Gracie,Male,18,White/Caucasian,3 Independent/Moderate
2016-07-05 18:19:36,"American ",Ralph Gracie jj,Male,52,White/Caucasian,1
2016-07-05 17:51:43,,Lobo Jiu-Jitsu Academy Pedro Sauer affiliate,Male,23,White/Caucasian,2
2016-07-05 17:39:25,Canadian,Lin Martial Arts,Male,20,Asian/Pacific Islander,5
2016-07-05 17:27:11,USA,Forged Fitness - Royce Gracie,Male,41,White/Caucasian,5
2016-07-05 17:00:51,United States,River City Warriors - Anibal Lobo Jiu-Jitsu/Pedro Sauer Affliate,Female,36,Asian/Pacific Islander,5
2016-07-05 16:44:04,"United States of America ","Pacific Integrated Martial Arts and Anibal Lobo Jiu Jitsu Gracie Jiu Jitsu ",Male,45,White/Caucasian,3 Independent/Moderate
2016-07-05 16:41:38,USA,Anibal Lobo Academy (RCW) - Team Pedro Sauer,Male,36,Asian/Pacific Islander,6 Democratic/Liberal
2016-07-05 15:56:02,American,,Female,33,White/Caucasian,3 Independent/Moderate
2016-07-05 15:28:51,Canada,,Male,28,White/Caucasian,6 Democratic/Liberal
2016-07-05 15:05:29,,,,,,
2016-07-05 14:54:02,"USA ",Psbjj,Male,38,White/Caucasian,3 Independent/Moderate
2016-07-05 14:27:29,Italy,,Male,18,White/Caucasian,3 Independent/Moderate
2016-07-05 13:12:38,,,,,,
2016-07-05 13:09:59,American,Gracie Barra Northridge,Male,39,Hispanic/Latino,6 Democratic/Liberal
2016-07-05 13:05:12,American,Gracie Barra,Male,26,White/Caucasian,6 Democratic/Liberal
2016-07-05 12:36:50,Colombian,,Male,22,White/Caucasian,4
2016-07-05 12:24:06,,,,,,
2016-07-05 11:52:36,,,,,,
2016-07-05 11:49:58,United States,Devine Jiu-Jitsu,Male,26,White/Caucasian,3 Independent/Moderate
2016-07-05 11:34:45,British,Roger Gracie Academy HQ,Male,27,White/Caucasian,5
2016-07-05 11:30:46,American,"Drysdale bjj zenith ",Male,24,White/Caucasian,6 Democratic/Liberal
2016-07-05 11:16:38,United States,Valko BJJ,Female,28,White/Caucasian,4
2016-07-05 10:56:56,,,,,,
2016-07-05 10:45:50,Carribean-American,10th Planet JJ,Male,27,Black/African American,6 Democratic/Liberal
2016-07-05 10:43:37,,,,,,
2016-07-05 10:30:00,United States of America,,Male,41,White/Caucasian,6 Democratic/Liberal
2016-07-05 10:19:11,,,,,,
2016-07-05 10:10:40,Canadian,,Male,18,White/Caucasian,3 Independent/Moderate
2016-07-05 10:05:06,American,Guy Mezger's Combat Sports Club - Checkmat,Male,27,White/Caucasian,3 Independent/Moderate
2016-07-05 09:48:27,Canadian,,Male,40,White/Caucasian,6 Democratic/Liberal
2016-07-05 09:47:13,USA,Capital MMA - Royce Gracie,Male,29,Asian/Pacific Islander,3 Independent/Moderate
2016-07-05 09:45:56,,,Male,33,White/Caucasian,3 Independent/Moderate
2016-07-05 09:45:53,US,Chapel Hill Royce Gracie,Female,39,White/Caucasian,4
2016-07-05 09:39:34,usa,,Female,31,,6 Democratic/Liberal
2016-07-05 09:29:35,USA,Charlottesville BJJ - Revolution BJJ,Male,33,White/Caucasian,3 Independent/Moderate
2016-07-05 08:59:58,,Gustavo Machado BJJ Rocky Mount,Female,37,White/Caucasian,3 Independent/Moderate
2016-07-05 08:55:04,,,,,,
2016-07-05 08:45:36,"American ",,Female,24,White/Caucasian,3 Independent/Moderate
2016-07-05 08:45:29,"United States ",,Female,28,White/Caucasian,4
2016-07-05 08:35:26,,,Male,32,Hispanic/Latino,0 Republican/Conservative
2016-07-05 08:34:24,American,,Male,36,White/Caucasian,3 Independent/Moderate
2016-07-05 08:29:03,,,,,,
2016-07-05 08:02:38,Ireland,,Male,23,White/Caucasian,6 Democratic/Liberal
2016-07-05 07:57:31,American,,Male,47,White/Caucasian,3 Independent/Moderate
2016-07-05 07:51:13,,,Male,37,White/Caucasian,0 Republican/Conservative
2016-07-05 07:46:08,,,,,,
2016-07-05 07:23:55,England,,Male,21,White/Caucasian,5
2016-07-05 07:11:02,,,,,,
2016-07-05 07:10:12,,,,,,
2016-07-05 05:45:21,Canada,,Male,27,White/Caucasian,6 Democratic/Liberal
2016-07-05 05:29:57,,,,,,
2016-07-05 04:42:28,english,ROB STEVENS BJJ,Male,22,White/Caucasian,4
2016-07-05 04:17:50,german,germano's team - Carlson Gracie,Male,25,White/Caucasian,3 Independent/Moderate
2016-07-05 03:11:41,UK,,Male,26,White/Caucasian,5
2016-07-05 03:04:26,French,,Male,30,White/Caucasian,5
2016-07-05 01:58:30,Merica,,Male,36,White/Caucasian,2
2016-07-05 01:32:41,United States of America,,Male,,White/Caucasian,1
2016-07-05 01:23:19,,,,,,
2016-07-05 01:09:45,Greece,Grappling Fight Team (GFT),Male,21,White/Caucasian,3 Independent/Moderate
2016-07-05 00:24:47,U.s,,Male,20,Hispanic/Latino,3 Independent/Moderate
2016-07-05 00:22:21,,,Male,26,White/Caucasian,6 Democratic/Liberal
2016-07-05 00:14:21,,,,,,
2016-07-04 23:37:25,USA,,Male,26,White/Caucasian,3 Independent/Moderate
2016-07-04 23:11:53,,,,,,
2016-07-04 23:10:48,Who cares?,,Male,37,White/Caucasian,2
2016-07-04 23:05:39,American,Revolution BJJ-Carlson Gracie,Female,36,White/Caucasian,2
2016-07-04 23:00:20,Usa,"Great Grappling BJJ, Fort Mill, SC - Gordo",Female,38,White/Caucasian,2
2016-07-04 22:56:43,"USA ",,Male,28,Hispanic/Latino,3 Independent/Moderate
2016-07-04 22:50:28,"Irish American ",Zero BJJ - Beleza jujitsu affiliate,Male,25,White/Caucasian,3 Independent/Moderate
2016-07-04 22:49:59,USA-American,Chapel Hill Gracie Jiu Jitsu--Royce Gracie Affiliate,Female,37,White/Caucasian,6 Democratic/Liberal
2016-07-04 22:43:29,German,,Male,42,White/Caucasian,4
2016-07-04 22:36:44,Brazil,,Male,20,Hispanic/Latino,3 Independent/Moderate
2016-07-04 22:34:34,Italian,,Male,32,White/Caucasian,0 Republican/Conservative
2016-07-04 22:18:26,"American ",,Male,27,Hispanic/Latino,4
2016-07-04 22:13:39,"American ",,Male,38,White/Caucasian,6 Democratic/Liberal
2016-07-04 21:48:42,,,Male,18,White/Caucasian,3 Independent/Moderate
2016-07-04 21:42:00,,Johns Gym - an independent in central Texas,Male,36,White/Caucasian,3 Independent/Moderate
2016-07-04 21:38:02,,,Male,22,White/Caucasian,2
2016-07-04 21:23:57,Australian,,Male,31,White/Caucasian,6 Democratic/Liberal
2016-07-04 21:23:33,Singaporean,,Female,23,Asian/Pacific Islander,3 Independent/Moderate
2016-07-04 21:11:14,Australian,,Female,30,White/Caucasian,3 Independent/Moderate
2016-07-04 21:03:08,USA,,Male,43,White/Caucasian,2
2016-07-04 20:50:22,Brazillian,,Male,18,White/Caucasian,6 Democratic/Liberal
2016-07-04 20:48:11,,,,,,
2016-07-04 20:37:34,American,,Male,38,White/Caucasian,
2016-07-04 20:32:11,usa,,Male,33,White/Caucasian,6 Democratic/Liberal
2016-07-04 20:24:06,USA,Renzo Gracie Academy Portland - a Renzo Gracie affiliate,Male,35,Hispanic/Latino,6 Democratic/Liberal
2016-07-04 20:21:05,,,,,,
2016-07-04 20:15:50,Korean,,Male,37,Asian/Pacific Islander,3 Independent/Moderate
2016-07-04 20:14:47,,,,,,
2016-07-04 20:14:45,,,Male,34,White/Caucasian,3 Independent/Moderate
2016-07-04 20:12:42,british,,Male,18,White/Caucasian,3 Independent/Moderate
2016-07-04 19:58:26,Chile,Champions Creed Martial Arts- Roy Harris Affiliate,Male,32,Hispanic/Latino,3 Independent/Moderate
2016-07-04 19:53:32,Murica,,Male,24,White/Caucasian,2
2016-07-04 19:39:38,Canadian,,Female,28,Native American/American Indian,
2016-07-04 19:39:13,,,,,,
2016-07-04 19:32:15,New Zealand,,Male,26,White/Caucasian,4
2016-07-04 19:26:56,,,,,,
2016-07-04 19:20:52,,,,,,
2016-07-04 19:09:49,Mexico,,Male,19,Hispanic/Latino,3 Independent/Moderate
2016-07-04 18:51:21,,,,,,
2016-07-04 18:50:18,Ecuadorian,,Male,25,Hispanic/Latino,6 Democratic/Liberal
2016-07-04 18:39:08,"Cuban, Spanish, German",,Male,26,White/Caucasian,2
2016-07-04 18:34:48,Brazil,Muzio BJJ (Gavea Gym - Brasa),Male,41,White/Caucasian,6 Democratic/Liberal
2016-07-04 18:34:07,USA!USA!USA!,,Male,22,Asian/Pacific Islander,5
2016-07-04 18:28:31,English,,Male,27,White/Caucasian,6 Democratic/Liberal
2016-07-04 18:22:58,American,,Male,27,Asian/Pacific Islander,3 Independent/Moderate
2016-07-04 18:17:15,,,,,,
2016-07-04 18:15:55,New Zealand,,Female,24,White/Caucasian,6 Democratic/Liberal
2016-07-04 18:09:17,Northern irish,,Male,32,White/Caucasian,5
2016-07-04 18:05:32,Ecuador,,Male,23,Hispanic/Latino,2
2016-07-04 18:01:05,italian,Ground Pressure Team -  Rogerio Olegario affiliate,Male,38,White/Caucasian,3 Independent/Moderate
2016-07-04 17:58:25,,,,,,
2016-07-04 17:56:10,,,,,,
2016-07-04 17:53:01,USA,,Male,48,White/Caucasian,1
2016-07-04 17:43:58,,,Male,19,White/Caucasian,3 Independent/Moderate
2016-07-04 17:39:44,Danish,,Male,24,White/Caucasian,5
2016-07-04 17:31:22,,,,,,
2016-07-04 17:26:27,,,,,,
2016-07-04 16:57:21,American,Serao Academy- No Affiliation,Male,42,White/Caucasian,1
2016-07-04 13:59:05,,,Male,43,White/Caucasian,2
2016-07-04 13:47:30,,,,,,
2016-07-04 12:03:07,US,PPMAC- Pedro Sauer,Female,30,White/Caucasian,4
2016-07-04 11:21:59,American,Edmonds BJJ - Gracie Barra affiliate,Male,36,White/Caucasian,5
2016-07-04 11:15:14,USA,Team Balance - Baltimore BJJ - GAMMA,Male,36,White/Caucasian,3 Independent/Moderate
2016-07-04 10:45:55,Australian,,Male,31,White/Caucasian,4
2016-07-04 10:33:45,Swedish,Poseidon BJJ & Berserk MMA,Male,27,White/Caucasian,6 Democratic/Liberal
2016-07-04 10:00:56,American,Alexey Cruz BJJ - New England United,Male,27,White/Caucasian,5
2016-07-04 08:55:27,south african,renzo gracie academy,Male,30,White/Caucasian,3 Independent/Moderate
2016-07-04 08:11:31,Canada,Cavalo bjj Canada - Cavalo bjj,Female,41,White/Caucasian,6 Democratic/Liberal
2016-07-04 07:48:29,Australian with an Australian father& Egyptian mother,Ballard's Academy of Brazilian Jiu Jitsu and Mixed Martial Arts,Female,42,White/Caucasian,3 Independent/Moderate
2016-07-04 07:31:14,In my heart. Metaphorically speaking. Also implied on my birth certificate and listed on my passports.,A Judo club,Male,31,,3 Independent/Moderate
2016-07-04 07:16:47,,,,,,
2016-07-04 07:08:10,English,NGMA - VSBJJ Affiliate,Male,23,White/Caucasian,6 Democratic/Liberal
2016-07-04 05:58:45,Croatian,,Male,34,White/Caucasian,6 Democratic/Liberal
2016-07-04 05:54:45,France,Grapplers69 - Icon Jiu Jitsu Team,Male,27,White/Caucasian,3 Independent/Moderate
2016-07-04 04:40:42,Austria,No Affilation,Male,35,White/Caucasian,4
2016-07-04 04:11:33,Swedish,Panda Dojo - Globetrotters,Male,37,White/Caucasian,6 Democratic/Liberal
2016-07-04 00:57:54,australian,Openmat BJJ - Shawn Williams Affiliate,Male,29,White/Caucasian,4
2016-07-04 00:57:44,USA,BTT JAX,Male,33,White/Caucasian,3 Independent/Moderate
2016-07-04 00:45:56,Australia,HVMAC - Machado,Male,28,White/Caucasian,6 Democratic/Liberal
2016-07-04 00:40:17,USA,The Base Training Centet,Male,33,White/Caucasian,3 Independent/Moderate
2016-07-04 00:38:48,canadian,,Male,26,White/Caucasian,6 Democratic/Liberal
2016-07-03 23:59:27,,infinity bjj - bjj revolution,Male,32,Asian/Pacific Islander,3 Independent/Moderate
2016-07-03 23:48:25,"Canadian ",Gracie Humatia,Male,32,White/Caucasian,0 Republican/Conservative
2016-07-03 23:15:39,Usa,Checkmat,Male,25,,4
2016-07-03 23:12:45,American,Marcelo Garcia,Male,34,White/Caucasian,4
2016-07-03 22:55:47,french,Sampa Jiujitsu Quebec,Female,34,White/Caucasian,2
2016-07-03 22:18:20,American (United States),,Female,25,Black/African American,3 Independent/Moderate
2016-07-03 21:43:19,Singaporean,Fortitude Brazilian Jiu-jitsu - Game Fight Bjj,Male,33,Asian/Pacific Islander,3 Independent/Moderate
2016-07-03 21:06:38,Australian,Overwhelm MMA,Male,37,White/Caucasian,3 Independent/Moderate
2016-07-03 19:20:57,Caucasian,Checkmat BJJ,Male,29,White/Caucasian,3 Independent/Moderate
2016-07-03 19:10:16,"American ","Six levels Mma and fitness- A Royce Gracie Affiliate ",Male,22,White/Caucasian,2
2016-07-03 18:46:34,American,Cerberus BJJ,Female,20,White/Caucasian,1
2016-07-03 18:37:41,USA,"SAS team Syracuse- A SAS team affiliate ",Male,18,White/Caucasian,1
2016-07-03 16:55:46,Polish,Vagner Boca BJJ,Male,34,White/Caucasian,2
2016-07-03 16:48:06,you need to put a mixed/other in races/ethnicity. living in the netherlands,BJJAA - checkmat,Male,29,White/Caucasian,3 Independent/Moderate
2016-07-03 14:41:19,British,Gracie Barra,Male,23,White/Caucasian,6 Democratic/Liberal
2016-07-03 14:22:02,Mexican American,Sharktank BJJ Kuwait,Male,46,Hispanic/Latino,0 Republican/Conservative
2016-07-03 14:14:06,Italian,Gracie humaita robin gracie,Male,33,White/Caucasian,6 Democratic/Liberal
2016-07-03 14:00:13,American,"Chris Atkins jiu-jitsu ",Male,25,Asian/Pacific Islander,3 Independent/Moderate
2016-07-03 13:30:51,Irish/German,Drive MMA,Male,22,White/Caucasian,3 Independent/Moderate
2016-07-03 12:52:45,US,,Male,41,White/Caucasian,3 Independent/Moderate
2016-07-03 12:20:01,Canadian,Tristar gym,Male,24,White/Caucasian,2
2016-07-03 12:13:48,Brazilian,Drill BJJ,Male,18,White/Caucasian,5
2016-07-03 10:32:38,Usa,Rohan Machado,Male,31,White/Caucasian,6 Democratic/Liberal
2016-07-03 10:21:56,USA,TJJ - Royce Gracie,Female,35,White/Caucasian,5
2016-07-03 09:15:00,,,,,,
2016-07-03 09:11:05,NL,ICON,Male,59,White/Caucasian,3 Independent/Moderate
2016-07-03 09:05:53,American,"Prime BJJ ",Male,32,White/Caucasian,2
2016-07-03 08:37:39,Serbian,,Male,32,White/Caucasian,4
2016-07-03 08:15:39,Citizen of the United States of America,Korea Jiu Jitsu Academy - Rickson Gracie Affiliate,Male,40,White/Caucasian,2
2016-07-03 08:09:43,British,"No longer a member, I'm an independant teacher practitioner",Male,75,White/Caucasian,3 Independent/Moderate
2016-07-03 07:29:59,Bosnian,Rio Grappling Club BiH,Male,30,White/Caucasian,3 Independent/Moderate
2016-07-03 06:23:09,Australian,Renegade MMA - Affiliate of Australian Elite Team,Male,31,White/Caucasian,4
2016-07-03 04:30:37,german,"arena dortmund, but we'll leave soon because this is rather a fitness studio and will offer no more bjj",Female,34,White/Caucasian,5
2016-07-03 03:54:32,Polish,UKS Budo,Male,23,White/Caucasian,3 Independent/Moderate
2016-07-03 02:37:07,Ireland,Roger Gracie Academy,Male,30,White/Caucasian,3 Independent/Moderate
2016-07-03 01:23:02,,,Male,46,White/Caucasian,1
2016-07-03 01:08:36,Canadian,Champions Creed Martial Arts - A Roy Harris affiliate,Male,60,Asian/Pacific Islander,3 Independent/Moderate
2016-07-03 01:06:59,American,Urbana Academy - Pedro Sauer Affiliate,Male,40,White/Caucasian,2
2016-07-03 00:24:45,American,Team Redaovic,Male,32,White/Caucasian,4
2016-07-03 00:05:03,Malaysian,Budo Academy - Tukaha BJJ,Male,26,Asian/Pacific Islander,3 Independent/Moderate
2016-07-03 00:02:23,Filipino,Deftac Cebu- A Ribeiro jiu jitsu Affiliate,Male,22,Asian/Pacific Islander,3 Independent/Moderate
2016-07-02 23:06:20,"American. ",New breed training center - bonsai jj,Male,33,Hispanic/Latino,3 Independent/Moderate
2016-07-02 22:41:01,American,McVicker BJJ,Male,46,White/Caucasian,0 Republican/Conservative
2016-07-02 22:23:11,American,Prime Brazilian Jiu Jitsu,Female,30,White/Caucasian,1
2016-07-02 19:56:20,Usa,Gracie technics -- pedro sauer affiliate,Male,35,Asian/Pacific Islander,3 Independent/Moderate
2016-07-02 19:55:45,American,Memphis Judo and Jiu jitsu,Male,36,,4
2016-07-02 19:45:37,USA,Tai Kai Jiu Jitsu - Team Balance,Male,30,White/Caucasian,3 Independent/Moderate
2016-07-02 19:45:28,"USA ","Wolf pack - Royce Gracie ",Male,38,White/Caucasian,5
2016-07-02 19:41:48,"American ",Prime BJJ,Female,22,White/Caucasian,6 Democratic/Liberal
2016-07-02 19:40:01,American,Crispim BJJ,Male,44,Hispanic/Latino,5
2016-07-02 19:35:55,Brazil,ZR team,Male,24,White/Caucasian,3 Independent/Moderate
2016-07-02 19:35:50,USA,Zenith,Male,,White/Caucasian,3 Independent/Moderate
2016-07-02 19:25:06,Filipino,DEFTAC PHILIPPINES - RIBEIRO JIUJITSU AFFILIATE,Male,31,Asian/Pacific Islander,3 Independent/Moderate
2016-07-02 19:16:08,russian,Jungle Bjj,Male,29,White/Caucasian,6 Democratic/Liberal
2016-07-02 19:09:39,FIlipino,Academia John Baylon - Clube De Jiu Jitsu Filipinas,Male,30,Asian/Pacific Islander,3 Independent/Moderate
2016-07-02 19:07:47,brazilian,fullhouse,Male,28,Hispanic/Latino,3 Independent/Moderate
2016-07-02 19:00:59,American,"Medavia BJJ-Carslon Gracie Team-Gilbert,AZ",Male,44,White/Caucasian,1
2016-07-02 18:59:03,Italy,Milanimal,Male,33,White/Caucasian,1
2016-07-02 18:54:28,Filipino,None,Male,33,Asian/Pacific Islander,3 Independent/Moderate
2016-07-02 18:49:38,"Brazilian/ Hungarian/ German ",,Male,40,White/Caucasian,6 Democratic/Liberal
2016-07-02 18:47:17,Irish,Sbg,Male,31,White/Caucasian,4
2016-07-02 18:40:08,Canada,Ottawa Academy of Martial Arts - A Renzo Gracie Affiliate,Male,41,White/Caucasian,3 Independent/Moderate
2016-07-02 18:35:09,Australian,Infinity brazilian jiu jitsu,Male,37,White/Caucasian,3 Independent/Moderate
2016-07-02 18:25:21,Maltese,Brazilian Jiu-Jitsu Team Malta - A Rogerio Olegairo Affiliate,Male,38,White/Caucasian,2
2016-07-02 18:23:40,American,"Prime Brazilian Jiu Jitsu ",Male,23,Hispanic/Latino,3 Independent/Moderate
2016-07-02 18:12:00,cro,,Male,28,White/Caucasian,3 Independent/Moderate
2016-07-02 17:55:16,Canada,Jaguar BJJ,Male,18,White/Caucasian,3 Independent/Moderate
2016-07-02 17:50:24,I am American/Colombian,"Enso Jiu-Jitsu Oregon City, Or.",Male,54,Hispanic/Latino,6 Democratic/Liberal
2016-07-02 17:47:42,Canadian,Toronto BJJ - Ribiero Brothers Affiliate,Male,33,White/Caucasian,3 Independent/Moderate
2016-07-02 17:41:14,,Pound for pound,Female,34,White/Caucasian,4
2016-07-02 17:33:57,Norway,Frontline Academy Oslo,Male,28,White/Caucasian,4
2016-07-02 17:28:50,"American ","Ironside MMA ",Male,40,White/Caucasian,3 Independent/Moderate
2016-07-02 17:26:33,German/Greek,Black house team Nogueria,Male,33,White/Caucasian,3 Independent/Moderate
2016-07-02 17:24:04,American,Carlson Gracie club,Male,25,Asian/Pacific Islander,3 Independent/Moderate
2016-07-02 17:16:50,,,Male,30,White/Caucasian,3 Independent/Moderate
2016-07-02 17:02:23,danish,arte suave  - checkmat,Female,35,White/Caucasian,5
2016-07-02 16:44:23,"Mexican ","Modesto power- cleber Luciano affiliate ",Male,24,Hispanic/Latino,3 Independent/Moderate
2016-07-02 16:34:20,South African,Combat Jiu-Jitsu Academy,Male,19,White/Caucasian,3 Independent/Moderate
2016-07-02 16:32:47,Sami,"Basketak ",Male,29,Native American/American Indian,6 Democratic/Liberal
2016-07-02 16:31:49,"British,English ",Loughborough BJj,Male,38,White/Caucasian,
2016-07-02 16:20:44,USA,Charlottesville BJJ- BJJ revolution team- this is former affiliation. I recently moved and cannot train at this time.,Male,26,White/Caucasian,6 Democratic/Liberal
2016-07-02 16:16:22,Portuguese,Kristiansand Kampsport Senter - Yogui BJJ Affiliate,Male,34,Hispanic/Latino,4
2016-07-02 16:15:16,Dutch,Behring,Male,25,White/Caucasian,4
2016-07-02 16:14:20,Portuguese,Portugal gold team - team juncao affiliate,Male,40,White/Caucasian,3 Independent/Moderate
2016-07-02 16:11:52,usa,,Male,40,Hispanic/Latino,3 Independent/Moderate
2016-07-02 16:01:41,Germany,Coelhão Jiu Jitsu Germany,Female,22,White/Caucasian,4
2016-07-02 15:54:56,Usa,Bruno Bastos,Male,29,White/Caucasian,3 Independent/Moderate
2016-07-02 15:51:50,"English ",Rob Stevens BJJ,Male,45,White/Caucasian,4
2016-07-02 15:50:11,American,Hurricane Jiu Jitsu,Male,41,White/Caucasian,3 Independent/Moderate
2016-07-02 15:38:34,US,"Hilti BJJ Stockholm - Hilti BJJ ",Male,44,Black/African American,6 Democratic/Liberal
2016-07-02 15:18:50,American,,Male,20,White/Caucasian,4
2016-07-02 15:16:34,norway,Frontline Muay Thai - A Roger Gracie affiliate,Male,28,White/Caucasian,6 Democratic/Liberal
2016-07-02 15:14:28,American,Renato Tavares association,Male,33,Asian/Pacific Islander,5
2016-07-02 15:08:01,DK,Nexus,Male,29,White/Caucasian,6 Democratic/Liberal
2016-07-02 15:01:06,,,Male,20,White/Caucasian,6 Democratic/Liberal
2016-07-02 14:21:33,Poland,Copacabana Team,Male,25,White/Caucasian,1
2016-07-02 14:17:02,French,BJJ Orléans,Male,23,White/Caucasian,4
2016-07-02 13:54:48,American,,Male,29,White/Caucasian,
2016-07-02 13:49:23,Sweden,Gävle Ju-jutsu - Dynamix Fighting Sports,Male,29,White/Caucasian,6 Democratic/Liberal
2016-07-02 13:45:24,Sweden,Neves Brazilian Jiujitsu Association (Independent),Male,44,Hispanic/Latino,3 Independent/Moderate
2016-07-02 13:31:52,American,Ralph Gracie Bend,Female,39,White/Caucasian,6 Democratic/Liberal
2016-07-02 13:28:55,USA,10th Planet,Male,41,White/Caucasian,3 Independent/Moderate
2016-07-02 13:21:40,United states,"Defkon 1- Roberto traven ",Male,24,White/Caucasian,0 Republican/Conservative
2016-07-02 12:47:11,Italian,Accademia Kama,Male,21,White/Caucasian,4
2016-07-02 12:26:49,Korean,John Frankl,Male,46,Asian/Pacific Islander,1
2016-07-02 12:24:23,INDONESIA,Juggernaut Fight Club,Male,21,Asian/Pacific Islander,6 Democratic/Liberal
2016-07-02 12:01:13,United States of America,Start Academy - a Renzo Gracie Affiliate,Male,23,White/Caucasian,0 Republican/Conservative
2016-07-02 11:55:10,,Darkside,Male,25,Asian/Pacific Islander,1
2016-07-02 11:47:33,usa,Beckley BJJ - SAS affiliate,Male,66,White/Caucasian,0 Republican/Conservative
2016-07-02 11:31:54,"American ",,Male,27,Asian/Pacific Islander,3 Independent/Moderate
2016-07-02 11:28:55,CANADA,UNIVERSAL BJJ - ZENITH / DRYSDALE AFFILATE,Male,32,White/Caucasian,5
2016-07-02 11:16:17,I am an American mut,ZenQuest - Damian Maia Affiliate,Male,28,White/Caucasian,3 Independent/Moderate
2016-07-02 11:06:26,,,Male,37,White/Caucasian,3 Independent/Moderate
2016-07-02 10:45:18,Irish,gracie barra,Male,39,White/Caucasian,3 Independent/Moderate
2016-07-02 10:41:01,USA! USA!,Triad Martial Art- A Rickson Gracie/ Carlos Machado Affiliate,Male,19,Black/African American,4
2016-07-02 10:29:24,France,Sankuno - no affiliation,Male,35,White/Caucasian,5
2016-07-02 10:18:51,greece,gracie barra,Male,34,White/Caucasian,3 Independent/Moderate
2016-07-02 10:07:47,France,,Male,21,White/Caucasian,5
2016-07-02 09:56:36,"United States ",Gracie Barra,Male,38,White/Caucasian,3 Independent/Moderate
2016-07-02 09:26:24,usa,,Male,47,White/Caucasian,4
2016-07-02 09:10:29,British,"Chris Rees academy ",Male,24,White/Caucasian,4
2016-07-02 09:07:21,Philippines,"Team De Jager. The Hague, The Netherlands ",Male,22,Asian/Pacific Islander,5
2016-07-02 08:55:23,USA,Soul Fighters,Male,43,White/Caucasian,4
2016-07-02 08:54:57,"USA ",,Male,42,Asian/Pacific Islander,3 Independent/Moderate
2016-07-02 08:39:09,United States,Triangle Jui Jitsu/team Royce Gracie,Male,35,Black/African American,6 Democratic/Liberal
2016-07-02 08:10:32,Norwegian,City Thong Flowing Arts,Male,32,White/Caucasian,6 Democratic/Liberal
2016-07-02 08:03:44,malaysia,,Male,40,Asian/Pacific Islander,5
2016-07-02 07:26:18,finnish,"mma rovaniemi ",Male,30,White/Caucasian,4
2016-07-02 07:16:14,France,Acemat - Ribeiro Jiu jitsu,Male,35,White/Caucasian,4
2016-07-02 06:52:45,"United States ","Kimura Nova Uniao ",Male,28,Hispanic/Latino,2
2016-07-02 06:51:59,macedonian,,Male,28,White/Caucasian,3 Independent/Moderate
2016-07-02 05:05:44,Australian,Equipe Master Wilson Australia,Female,45,White/Caucasian,3 Independent/Moderate
2016-07-02 04:25:58,,"Gracie Winnipeg ",Male,26,Asian/Pacific Islander,4
2016-07-02 04:15:27,UK,Gracie Barra London Bridge,Male,26,White/Caucasian,3 Independent/Moderate
2016-07-02 04:14:02,British,Bodyflo Sheffield - Gracie barra affiliate,Male,28,White/Caucasian,4
2016-07-02 03:16:08,USA,24 Hour Fitness,Female,42,White/Caucasian,0 Republican/Conservative
2016-07-02 02:02:54,USA!,"Round won jiu jitsu ",Male,34,White/Caucasian,3 Independent/Moderate
2016-07-02 01:49:05,,Spartacus BJJ USA,Female,46,White/Caucasian,3 Independent/Moderate
2016-07-02 00:34:50,USA,,Female,33,Black/African American,4
2016-07-01 23:34:31,"Canadian ",na,Male,41,White/Caucasian,6 Democratic/Liberal
2016-07-01 23:27:28,USA,,Female,40,,3 Independent/Moderate
2016-07-01 23:06:40,U.s.,Cville bjj - revolution bjj,Female,19,White/Caucasian,4
2016-07-01 21:38:20,German,"Balance Studios Relson Gracie affiliate ",Female,37,White/Caucasian,3 Independent/Moderate
2016-07-01 21:34:31,usa,,Male,36,White/Caucasian,3 Independent/Moderate
2016-07-01 21:27:54,American,Kenny Kim BJJ- Caio Terra Association,Male,18,White/Caucasian,2
2016-07-01 21:06:26,American,,Male,51,White/Caucasian,0 Republican/Conservative
2016-07-01 20:25:25,Canadian,,Male,33,White/Caucasian,3 Independent/Moderate
2016-07-01 20:17:50,US,Unaffiliated.,Male,49,White/Caucasian,1
2016-07-01 19:51:58,,Zicro BJJ Tallahassee - Alliance,Male,41,Black/African American,5
2016-07-01 19:43:31,Canadian,GFT Affiliate,Male,37,Hispanic/Latino,3 Independent/Moderate
2016-07-01 19:42:09,Usa,,Male,27,White/Caucasian,1
2016-07-01 18:32:43,"Japanese American ","Tatoru Kumamoto once affiliated with Paraestra but no longer ",Male,26,Asian/Pacific Islander,2
2016-07-01 17:18:19,American,east coast United bjj,Male,38,Hispanic/Latino,6 Democratic/Liberal
2016-07-01 16:57:55,Serbia,,Male,18,White/Caucasian,3 Independent/Moderate
2016-07-01 16:36:25,"Mexican American ",ATT Valdosta,Male,21,Hispanic/Latino,3 Independent/Moderate
2016-07-01 16:34:55,"American ","Pitch Black MMA- RCJ Machado BJJ ",Male,41,White/Caucasian,3 Independent/Moderate
2016-07-01 16:23:01,US,ATT,Male,37,White/Caucasian,5
2016-07-01 16:11:58,"Murica ","new breed Chicago - bonsai ",Male,37,White/Caucasian,3 Independent/Moderate
2016-07-01 15:55:00,American,Team Link,Male,35,White/Caucasian,3 Independent/Moderate
2016-07-01 15:29:33,,Brazil-021,Male,47,White/Caucasian,3 Independent/Moderate
2016-07-01 15:26:34,American,Renzo Gracie Academy,Male,37,White/Caucasian,4
2016-07-01 15:22:20,"American half getman half Okinawan ","Saparito jiu-jitsu Tallahassee ",Male,47,Asian/Pacific Islander,4
2016-07-01 15:18:57,American (US),Pendergrass Academy - a Gustavo Machado Affiliate,Female,42,White/Caucasian,5
2016-07-01 15:04:01,United States,Maryland Judo and Jiu-Jitsu Academy - Relson Gracie Affiliate,Male,42,White/Caucasian,6 Democratic/Liberal
2016-07-01 15:01:05,American,Plus One Defense,Male,33,White/Caucasian,6 Democratic/Liberal
2016-07-01 14:56:20,,,Male,56,Asian/Pacific Islander,6 Democratic/Liberal
2016-07-01 14:47:32,USA,Easton BJJ - A Renzo Gracie Affiliate,Male,36,White/Caucasian,3 Independent/Moderate
2016-07-01 14:37:41,us citizen,gracie barra,Male,46,Hispanic/Latino,3 Independent/Moderate
2016-07-01 14:30:54,Italian,,Female,25,White/Caucasian,3 Independent/Moderate
2016-07-01 14:11:36,"Caribbean ",,Male,40,Black/African American,
2016-07-01 14:03:08,,Royce Gracie affiliate,Male,31,White/Caucasian,0 Republican/Conservative
2016-07-01 14:01:55,united states,alchemy combat club-dark horse bjj,Male,31,White/Caucasian,6 Democratic/Liberal
2016-07-01 14:01:31,Jamaica,Vermont BJJ,Male,38,Black/African American,6 Democratic/Liberal
2016-07-01 13:58:20,,,Female,35,Asian/Pacific Islander,4
2016-07-01 13:57:27,"United States ",The Lab - Team Big Brothers,Female,28,White/Caucasian,4
2016-07-01 13:47:42,American,Impact Jiu Jitsu,Male,35,White/Caucasian,3 Independent/Moderate
2016-07-01 13:31:44,American,Tiger Shark BJJ,Male,39,White/Caucasian,3 Independent/Moderate
2016-07-01 13:19:35,United States,,Female,23,White/Caucasian,4
2016-07-01 13:07:10,American,Marcelo Garcia,Male,24,White/Caucasian,3 Independent/Moderate
2016-07-01 13:06:04,American,Chapel Hill Gracie Jiu-jitsu - Royce Gracie,Female,36,White/Caucasian,6 Democratic/Liberal
2016-07-01 12:33:51,Portuguese,Carlson Gracie - Portugal,Male,31,White/Caucasian,3 Independent/Moderate
2016-07-01 12:04:46,Irish,"Team Torres - Alexander Charutto ",Female,41,White/Caucasian,3 Independent/Moderate
2016-07-01 05:09:21,United States,Caique Jiu-Jitsu,Male,24,White/Caucasian,0 Republican/Conservative
2016-07-01 02:43:09,Croatia,MS Jiu Jitsu - Alliance BD Affiliate,Male,30,White/Caucasian,3 Independent/Moderate
2016-07-01 01:24:08,Deutsch,Carlsons,Male,33,White/Caucasian,2
2016-07-01 01:22:19,USA,Gunnison Jiu-Jitsu - A Gracie Academy Affiliate,Male,35,White/Caucasian,4
2016-06-30 23:25:39,"American ",Empire Jiu Jitsu - unaffiliated. White-Black under Relson Gracie,Female,36,White/Caucasian,4
2016-06-30 21:13:09,American,Vanderson gomes bjj,Male,24,White/Caucasian,2
2016-06-30 19:05:51,"America ","MMA and sport -Pedro Sauer affiliate ",Male,30,White/Caucasian,3 Independent/Moderate
2016-06-30 18:50:19,USA,,Male,27,Hispanic/Latino,3 Independent/Moderate
2016-06-30 17:24:28,US,Studio 540,Male,46,White/Caucasian,4
2016-06-30 16:08:12,South African,"Crucifix grappling  -  Rio Grappling Club ",Male,33,White/Caucasian,2
2016-06-30 16:06:03,Danish,,Male,24,,6 Democratic/Liberal
2016-06-30 15:53:05,American,,Male,34,Asian/Pacific Islander,3 Independent/Moderate
2016-06-30 15:35:52,us,,Male,45,White/Caucasian,5
2016-06-30 15:28:23,American,,Male,45,White/Caucasian,0 Republican/Conservative
2016-06-30 15:24:02,USA,Silver Fox BJJ - Renzo Gracie Affiliate,Male,52,White/Caucasian,3 Independent/Moderate
2016-06-30 15:10:09,serb,kimura serbia,Female,27,White/Caucasian,6 Democratic/Liberal
2016-06-30 15:01:40,American,,Female,37,White/Caucasian,3 Independent/Moderate
2016-06-30 14:56:35,French,Aranha - Nova Uñiao,Male,30,Asian/Pacific Islander,4
2016-06-30 14:54:26,"United States ",Factory X,Male,47,White/Caucasian,3 Independent/Moderate
2016-06-30 14:51:12,Serbian,KIMURA BJJ SERBIA,Male,35,White/Caucasian,3 Independent/Moderate
2016-06-30 14:41:31,Finland,Ahjo Training Center - De La Riva Finland Affiliate,Male,22,White/Caucasian,3 Independent/Moderate
2016-06-30 14:35:08,American,Fenix BJJ,Male,26,White/Caucasian,6 Democratic/Liberal
2016-06-30 14:24:52,American,"Bay Jiu Jitsu - Checkmat ",Male,29,Hispanic/Latino,3 Independent/Moderate
2016-06-30 14:24:49,USA,Trident MMA - Rigan Machado Affiliate,Male,29,White/Caucasian,0 Republican/Conservative
2016-06-30 14:20:05,United States,Gracie Barra Scottsdale,Male,31,White/Caucasian,2
2016-06-30 14:17:47,The Netherlands,Gracie Barra Maastricht,Male,28,White/Caucasian,4
2016-06-30 14:09:27,US,Alliance Frankfurt,Male,45,White/Caucasian,2
2016-06-30 13:44:43,Bosniak,Ferrari BJJ,Male,26,White/Caucasian,6 Democratic/Liberal
2016-06-30 12:40:42,Romania,Checkmat Romania,Male,29,White/Caucasian,0 Republican/Conservative
2016-06-30 12:13:04,Croatian,Alliance,Male,30,White/Caucasian,3 Independent/Moderate
2016-06-30 12:09:15,Hungarian,ZR team,Male,39,White/Caucasian,3 Independent/Moderate
2016-06-30 11:10:32,American,M3 Fight and Fitness / GFTeam USA,Male,30,Asian/Pacific Islander,3 Independent/Moderate
2016-06-30 11:04:38,Finnish,Hipko - Checkmate,Male,42,White/Caucasian,3 Independent/Moderate
2016-06-30 10:53:20,Romanian,Asjk Aalborg- Yogui Bjj,Male,27,White/Caucasian,5
2016-06-30 10:47:02,Romania,Absoluto - Eddie Kone,Male,30,White/Caucasian,6 Democratic/Liberal
2016-06-30 10:38:51,American,MABJJ CARLSON GRACIE INTERNATIONAL,Male,49,White/Caucasian,6 Democratic/Liberal
2016-06-30 10:36:58,"Danish ","ASJK - YOGUI BJJ affiliate ",Male,42,White/Caucasian,3 Independent/Moderate
2016-06-30 10:26:42,french,ICON Lyon- ICON BJJ Affiliate,Male,21,Black/African American,3 Independent/Moderate
2016-06-30 10:14:18,Swedish,B19 Paris de la riva,Male,40,White/Caucasian,3 Independent/Moderate
2016-06-30 10:13:13,Serbian,Zenith,Male,26,White/Caucasian,3 Independent/Moderate
2016-06-30 10:12:55,France,Werdum Combat Team,Male,25,White/Caucasian,3 Independent/Moderate
2016-06-30 10:11:08,Hungary,Zé Radiola Association (ex. Gracie Barra),Male,35,White/Caucasian,2
2016-06-30 06:46:34,US,,Male,44,White/Caucasian,6 Democratic/Liberal
2016-06-30 03:45:01,Norwegian,Oksa - Non affiliated,Male,32,White/Caucasian,0 Republican/Conservative
2016-06-29 23:36:05,American,Royce Gracie Goldsboro,Male,29,White/Caucasian,2
2016-06-29 22:55:20,American,Daniel Beleza BJJ - SAS Team,Male,33,White/Caucasian,2
2016-06-29 22:43:38,Merkin,"Capital mma- Royce Gracie ",Male,29,Hispanic/Latino,6 Democratic/Liberal
2016-06-29 19:48:25,"USA ",TJJ Royce affiliate,Male,39,White/Caucasian,6 Democratic/Liberal
2016-06-29 18:57:00,,,Female,31,White/Caucasian,4
2016-06-29 18:20:30,Australian,"Southern Cross Jiu Jitsu Academy - Nova Uniao ",Male,22,White/Caucasian,4
2016-06-29 18:07:06,American,Evolution Training/Guerrilla Jiu-Jitsu,Male,49,White/Caucasian,2
2016-06-29 18:03:54,Usa,Gustavo Machado,Male,43,White/Caucasian,3 Independent/Moderate
2016-06-29 17:14:45,United States,,Male,18,White/Caucasian,2
2016-06-29 15:50:39,American,Zenith BJJ,Male,,White/Caucasian,3 Independent/Moderate
2016-06-29 13:58:44,American,Royler Gracie jiu-jitsu,Male,,White/Caucasian,3 Independent/Moderate
2016-06-29 13:36:38,,Guerrilla dave Camarillo,Male,43,White/Caucasian,3 Independent/Moderate
2016-06-29 13:30:23,"USA ",Capital MMA - a Royce Gracie Affilite,Male,37,White/Caucasian,6 Democratic/Liberal
2016-06-29 13:25:51,Swiss,BJJ Lab Caio Terra Associate,Male,25,White/Caucasian,6 Democratic/Liberal
2016-06-29 12:29:22,American,Next Level Combat - GF Team / 10th Planet Jiu Jitsu,Male,26,Asian/Pacific Islander,5
2016-06-29 12:03:20,American,Gracie Barra,Male,31,White/Caucasian,3 Independent/Moderate
2016-06-29 11:56:33,United States of America,Evolution Training-Guerilla Jiu Jitsu Affiliate,Male,22,Hispanic/Latino,3 Independent/Moderate
2016-06-29 11:54:24,"Native American ","Guerilla Jiu Jitsu ",Male,36,Native American/American Indian,3 Independent/Moderate
2016-06-29 11:22:37,USA,Peak bjj,Male,41,Hispanic/Latino,4
2016-06-29 11:20:50,USA,,Male,31,White/Caucasian,6 Democratic/Liberal
2016-06-29 11:17:13,American,Next Generation Martial Arts - Guerrilla Jiu Jitsu Affiliate,Male,31,Native American/American Indian,3 Independent/Moderate
2016-06-29 11:09:49,Uruguayan,,Male,27,Hispanic/Latino,3 Independent/Moderate
2016-06-29 10:58:51,USA,Rebellion Academy-Checkmat Affiliate,Male,25,White/Caucasian,3 Independent/Moderate
2016-06-29 10:51:48,"USA ",Next Generation Martial Arts-Gorrilla Jiu Jitsu,Male,,White/Caucasian,1
2016-06-29 10:23:53,U.S. citizen,Workshop Jiu Jitsu NYC- Renzo Gracie/John Danaher  black belt instructor,Male,48,White/Caucasian,6 Democratic/Liberal
2016-06-29 10:23:39,Murica!,,Male,33,White/Caucasian,3 Independent/Moderate
2016-06-29 10:03:58,,,Male,29,White/Caucasian,3 Independent/Moderate
2016-06-29 09:54:33,Australian,Jiu Jitsu Kingdom,Male,45,White/Caucasian,3 Independent/Moderate
2016-06-29 09:54:21,Canadian,Roy Harris?,Male,29,White/Caucasian,3 Independent/Moderate
2016-06-29 08:48:26,"American ","Serg BJJ - Marcio Cruz affiliate ",Male,42,White/Caucasian,3 Independent/Moderate
2016-06-29 06:46:42,Australia,,Male,28,White/Caucasian,2
2016-06-29 06:04:32,American,,Male,50,White/Caucasian,2
2016-06-29 05:48:06,united states,Fit Factory BJJ _ Samuel Braga affiliate,Male,34,White/Caucasian,5
2016-06-29 05:30:21,British,,Male,23,White/Caucasian,4
2016-06-29 04:44:34,USA,"Capital MMA - Takoma Park, MD. Royce Gracie Affiliate",Male,47,White/Caucasian,4
2016-06-29 03:08:33,American,Dojo Kyle - Cleber Luciano Affiliate,Male,19,Hispanic/Latino,4
2016-06-29 02:52:28,'merica.,International Aikikai Federation,Male,37,White/Caucasian,6 Democratic/Liberal
2016-06-29 02:37:51,Norwegian,Kimura Nova Uniao,Male,26,White/Caucasian,3 Independent/Moderate
2016-06-29 00:44:22,"USA ","Revolution BJJ - BJJ Revolution ",Male,40,White/Caucasian,4
2016-06-29 00:32:11,USA,N/A,Male,36,White/Caucasian,6 Democratic/Liberal
2016-06-29 00:04:14,USA,Pedro Sauer Affiliate,Male,31,White/Caucasian,3 Independent/Moderate
2016-06-28 23:12:25,Polish,"Brazil 021 ",Male,27,White/Caucasian,3 Independent/Moderate
2016-06-28 23:09:00,American,Capital MMA Takoma,Male,27,Black/African American,3 Independent/Moderate
2016-06-28 22:24:07,USA,Fight to Win BJJ Denver NC-Royce Gracie affiliate,Male,40,White/Caucasian,3 Independent/Moderate
2016-06-28 21:19:54,Chinese," Oceanside BJJ - A Royce Gracie Affiliate",Male,18,White/Caucasian,0 Republican/Conservative
2016-06-28 19:39:02,USA,Triangle Jiu Jitsu (Durham) - Royce Gracie Affiliate,Male,27,White/Caucasian,4
2016-06-28 19:10:27,"British ","McKenzie BJJ - Checkmat ",Male,33,White/Caucasian,3 Independent/Moderate
2016-06-28 18:21:52,,Triune BJJ - Ares BJJ,Male,30,Asian/Pacific Islander,3 Independent/Moderate
2016-06-28 17:55:26,,Team Beauregard - BJJ Revolution,Female,39,White/Caucasian,6 Democratic/Liberal
2016-06-28 17:48:53,,,Male,52,White/Caucasian,6 Democratic/Liberal
2016-06-28 17:44:58,American,capitol Takoma- Royce Gracie Affiliate,Male,40,White/Caucasian,6 Democratic/Liberal
2016-06-28 17:41:00,US,Capital MM Takoma Park - Royce Gracie Affiliate,Male,49,White/Caucasian,3 Independent/Moderate
2016-06-28 17:31:19,United States,Elevate MMA,Female,24,White/Caucasian,4
2016-06-28 17:16:05,Canadian,Gracie barra,Male,43,White/Caucasian,3 Independent/Moderate
2016-06-28 17:06:16,Russian,Capital Takoma Park BJJ - A Royce Gracie Affiliate,Male,48,White/Caucasian,4
2016-06-28 16:52:34,Austria,Mac tirol - a Budo clan affiliate,Male,25,White/Caucasian,6 Democratic/Liberal
2016-06-28 16:48:29,"French canadian, irish, lithuanian, native american",Royce gracie affiliate,Male,54,White/Caucasian,1
2016-06-28 16:32:47,USA,Capital MMA--Royce Gracie Affiliate,Male,33,White/Caucasian,4
2016-06-28 16:31:53,Stolen African,Royce Gracie affliate,Male,38,Black/African American,6 Democratic/Liberal
2016-06-28 16:26:59,Austria,Mac tirol - Budo clan,Male,20,White/Caucasian,4
2016-06-28 16:23:57,,,Male,21,White/Caucasian,
2016-06-28 16:23:41,Nicaragua,Capital MMA Takoma Park - Royce Gracie affiliate,Male,48,Hispanic/Latino,1
2016-06-28 16:20:03,Austrian,"MAC Tirol, Jean Jaques Machado affiliate",Male,18,White/Caucasian,4
2016-06-28 16:19:43,"Unknown ","Capital MMA Royce affiliate ",Male,34,White/Caucasian,1
2016-06-28 16:10:55,US,Capital MMA-Royce Gracie Network,Male,47,White/Caucasian,6 Democratic/Liberal
2016-06-28 15:52:58,USA,Romulo Melo BJJ Academy,Male,29,White/Caucasian,4
2016-06-28 15:45:37,Canadian,brazil021,Male,43,White/Caucasian,3 Independent/Moderate
2016-06-28 15:26:42,,"Chapel Hill Gracie Jiu-Jitsu - Royce Gracie Affiliate ",Male,62,White/Caucasian,2
2016-06-28 15:24:16,Israeli,De la riva,Male,32,White/Caucasian,5
2016-06-28 14:42:00,USA,Paragon,Male,24,White/Caucasian,3 Independent/Moderate
2016-06-28 14:39:14,brazilian,Barbosa JJ,Male,35,Hispanic/Latino,4
2016-06-28 14:22:23,Swedish,Gracie Barra,Male,26,White/Caucasian,3 Independent/Moderate
2016-06-28 14:17:52,usa,,Female,27,White/Caucasian,3 Independent/Moderate
2016-06-28 13:49:29,Texan,Team Shark BJJ Daniel Pinheiro,Male,29,White/Caucasian,6 Democratic/Liberal
2016-06-28 13:45:44,us,"North Georgia, Gracie Barra",Male,25,White/Caucasian,2
2016-06-28 13:42:27,USA,Royce Gracie,Male,38,Hispanic/Latino,3 Independent/Moderate
2016-06-28 13:34:03,English,Nova forca uk,Male,23,White/Caucasian,
2016-06-28 13:27:55,USA,Boston BJJ - Gracie Barra,Male,35,White/Caucasian,5
2016-06-28 13:09:05,Indian,Helios BJJ - Ribeiro affiliate,Male,22,Asian/Pacific Islander,6 Democratic/Liberal
2016-06-28 13:09:01,USA,Los Alamos Brazillian Jiu Jitsu - Gracie Barra,Male,44,White/Caucasian,1
2016-06-28 12:59:18,USA,Macarra BJJ - Marcio Stambowski,Male,36,White/Caucasian,3 Independent/Moderate
2016-06-28 12:33:58,US,Alamance Black Belt Academy - Team ROC,Male,19,White/Caucasian,3 Independent/Moderate
2016-06-28 12:30:24,American,302 BJJ,Male,26,Asian/Pacific Islander,2
2016-06-28 12:21:54,"American ","TJJ DURHAM ",Male,28,White/Caucasian,3 Independent/Moderate
2016-06-28 12:21:34,"Australia ",Renzo Gracie,Male,30,Asian/Pacific Islander,6 Democratic/Liberal
2016-06-28 12:00:51,Usa,"Carlos Farias Bjj ",Male,34,White/Caucasian,2
2016-06-28 11:52:24,Murika',Brunswick BJJ,Male,23,Black/African American,3 Independent/Moderate
2016-06-28 11:50:07,us,Global Martial Art - Gracie Humaita,Male,44,White/Caucasian,6 Democratic/Liberal
2016-06-28 11:49:05,Portugal,Rilion Gracie - Gracie Elite Team,Female,20,Black/African American,5
2016-06-28 11:46:02,American,Combat fitness - SBG,Male,23,White/Caucasian,3 Independent/Moderate
2016-06-28 11:43:42,USA,Ironside Martial Arts,Male,27,White/Caucasian,2
2016-06-28 11:37:22,Pakistani,Elevate MMA- Zenith BJJ Affiliate,Male,20,Asian/Pacific Islander,3 Independent/Moderate
2016-06-28 11:35:36,US,10th Planet Austin,Male,33,Hispanic/Latino,6 Democratic/Liberal
2016-06-28 11:30:00,US,Gracie Tampa,Male,39,White/Caucasian,4
2016-06-28 11:12:42,Usa,"Chapel hill gjj - Royce Gracie affiliate ",Male,32,White/Caucasian,6 Democratic/Liberal
2016-06-28 11:04:57,usa,infinite fighting concepts - atos,Male,26,Hispanic/Latino,4
2016-06-28 11:03:35,American,Forged Fitness - Royce affiliate,Male,36,White/Caucasian,3 Independent/Moderate
2016-06-28 10:57:24,"Italian ","Sjbjj  - Ricardo Almedia association ",Male,34,White/Caucasian,4
2016-06-28 10:56:04,American,Triumph BJJ - GF Team,Male,42,White/Caucasian,6 Democratic/Liberal
2016-06-28 10:54:19,"American ",Ares bjj,Male,25,White/Caucasian,3 Independent/Moderate
2016-06-28 10:53:07,Dutch,Icon BJJ - Ede,Female,34,White/Caucasian,6 Democratic/Liberal
2016-06-28 10:41:40,USA,Forged Fitness,Male,38,White/Caucasian,4
2016-06-28 10:39:49,"USA ",,Female,18,Asian/Pacific Islander,3 Independent/Moderate
2016-06-28 10:36:10,"USA ",Royce affiliate,Male,29,White/Caucasian,4
2016-06-28 10:18:19,U.S.A.,Choice Martial Arts - Cody Houston,Male,27,White/Caucasian,3 Independent/Moderate
2016-06-28 10:17:43,USA,Elevate MMA Academy - Zenith BJJ,Male,29,White/Caucasian,5
2016-06-28 09:58:41,American,Triangle Jiu Jitsu - A Royce Gracie Affiliate,Male,40,White/Caucasian,5
2016-06-28 09:51:03,USA,Great Grappling BJJ - Gordo Jiu-Jitsu Affiliate,Male,41,White/Caucasian,3 Independent/Moderate
2016-06-28 09:32:11,,Chapel Hill Gracie Jiu Jitsu - Team Royce Gracie,Male,31,White/Caucasian,3 Independent/Moderate
2016-06-28 09:31:17,American,Lansing BJJ,Male,34,White/Caucasian,3 Independent/Moderate
2016-06-28 09:31:01,"American, Jewish (Eastern European).","Gracie Barra Westchase (Houston, TX)",Male,37,White/Caucasian,4
2016-06-28 09:30:56,Murrica!,"Rather not say, as those cunts recently switched affiliation to TLI. I am leaving soon",Male,32,White/Caucasian,3 Independent/Moderate
2016-06-28 09:29:17,American,Combative Sports Center - Daniel De Lima Affiliate,Male,31,White/Caucasian,3 Independent/Moderate
2016-06-28 09:27:55,American,Martial arts academy of southern pines- Royce Gracie affiliate,Male,32,White/Caucasian,1
2016-06-28 09:27:51,American,Team ROC Charlotte - Royce Gracie Affiliate,Male,45,White/Caucasian,0 Republican/Conservative
2016-06-28 09:25:17,Uruguayan,DC BJJ - Yamasaki Affiliate,Male,33,White/Caucasian,2
2016-06-28 09:20:25,United States,,Male,27,White/Caucasian,2
2016-06-28 09:15:24,"American ",American martial arts academy a Lucas Lepri affiliate,Male,21,White/Caucasian,3 Independent/Moderate
2016-06-28 09:13:54,American,A Royce Gracie affiliate,Male,48,White/Caucasian,3 Independent/Moderate
2016-06-28 09:06:33,American,Chapel Hill Gracie Jiu Jitsu:  Royce Gracie,Male,38,White/Caucasian,3 Independent/Moderate
2016-06-28 09:01:43,Denmark/Danish,,Male,19,White/Caucasian,5
2016-06-28 09:00:27,usa,"Chapel Hill Gracie Jiu Jitsu - A Royce Gracie Affiliate ",Male,41,White/Caucasian,3 Independent/Moderate
2016-06-28 08:55:41,American,Xequemate - Luiz Palhares Affiliate,Male,30,White/Caucasian,4
2016-06-28 08:55:32,Irish,Clare Brazilian Jiu-Jitsu Academy,Male,22,White/Caucasian,5
2016-06-28 08:55:11,,,Male,41,Hispanic/Latino,4
2016-06-28 08:52:01,Portuguese American,Dedeco BJJ,Male,21,White/Caucasian,3 Independent/Moderate
2016-06-28 08:49:37,American,Noel Smith BJJ - A Renato Tavares Affiliate,Male,38,White/Caucasian,2
2016-06-28 08:48:04,American,"Next Generation Martial Arts - Dave Camarillo Affiliate ",Male,29,White/Caucasian,2
2016-06-28 08:36:33,Norwegian,"Millers Martial Arts, Next Generation MMA Affiliate (Chris Brennan) in Oslo, Norway.",Male,28,White/Caucasian,6 Democratic/Liberal
2016-06-28 08:35:04,Canada,Windsor Brazilian Jiu-Jitsu - A Jean Jacques Machado Affiliate,Male,34,White/Caucasian,6 Democratic/Liberal
2016-06-28 08:29:35,British,London Fight Factory - Checkmat,Male,35,White/Caucasian,3 Independent/Moderate
2016-06-28 08:29:16,American,Elevate MMA Academy - Zenith BJJ,Male,30,White/Caucasian,3 Independent/Moderate
2016-06-28 08:24:16,,Triangle jiu-jitsu - royce gracie,Male,34,White/Caucasian,6 Democratic/Liberal
2016-06-28 08:22:51,American,Chapel Hill - Royce Gracie,Male,23,White/Caucasian,4
2016-06-28 08:18:24,Portugal,GAS PORTO- AGAS JIU JITSU affiliate,Male,18,White/Caucasian,4
2016-06-28 08:17:15,Australian,Absolute MMA - Maromba Academia International,Male,31,White/Caucasian,5
2016-06-28 08:15:15,American,"Gustavo Machado ",Female,59,White/Caucasian,4
2016-06-28 08:15:15,United States,Pendergrass Academy - A Gustavo Machado Affiliate,Male,31,White/Caucasian,3 Independent/Moderate
2016-06-28 08:14:59,,,Male,31,White/Caucasian,6 Democratic/Liberal
2016-06-28 08:13:14,"American ",,Male,55,White/Caucasian,1
2016-06-28 08:11:42,American,Nova Gyms,Male,19,White/Caucasian,4
2016-06-28 08:06:08,"USA ",Gracie Raleigh - a Royce Gracie affiliate,Male,43,White/Caucasian,2
2016-06-28 08:03:54,"American ",Chapel Hill Gracie Jiujitsu - Royce Gracie Network,Male,32,White/Caucasian,3 Independent/Moderate
2016-06-28 08:01:53,USA,(prefer not to say which specific academy) -A Team Revolution Affiliate,Female,33,White/Caucasian,5
2016-06-28 08:00:42,Australian,Legion 13 - Peter De Been Affiliate,Male,26,White/Caucasian,6 Democratic/Liberal
2016-06-28 08:00:14,"Virginia ","Triangle Jiu Jitsu Durham -Royce Gracie ",Female,,White/Caucasian,4
2016-06-28 07:56:40,Swedish,Lund Grappling Academy - Dynamix,Male,33,White/Caucasian,6 Democratic/Liberal
2016-06-28 07:54:24,Singapore,IMPACT MMA - Checkmat Affiliate,Male,20,Asian/Pacific Islander,3 Independent/Moderate
2016-06-28 07:39:20,,Icon,Male,24,Asian/Pacific Islander,5
2016-06-28 07:36:02,American,Prefer not to say,Male,36,Asian/Pacific Islander,5
2016-06-28 07:33:23,American,Forged Fitness,Male,33,White/Caucasian,3 Independent/Moderate
2016-06-28 07:33:03,United States,Triangle Jiu Jitsu Durham - A Royce Gracie Affiliate,Male,24,White/Caucasian,5
2016-06-28 07:31:45,'Merican,Tjj,Male,41,White/Caucasian,3 Independent/Moderate
2016-06-28 07:28:13,Brazilian,Royce Gracie Barcelona,Male,32,Hispanic/Latino,6 Democratic/Liberal
2016-06-28 07:13:39,American,Triangle JJ Durham NC,Male,51,White/Caucasian,6 Democratic/Liberal
2016-06-28 06:57:22,United States,Triangle Jiu Jitsu Academy - Team Royce Gracie Affiliate,Female,26,White/Caucasian,5
2016-06-28 06:49:36,British,M1J14 BJJ,Male,23,Native American/American Indian,4
2016-06-28 06:33:48,"USA ",Triangle Jiu Jitsu Durham -- Royce Gracie,Male,,White/Caucasian,6 Democratic/Liberal
2016-06-28 06:14:14,Norway,"Frontline Academy ",Male,27,White/Caucasian,6 Democratic/Liberal
2016-06-28 06:12:21,French,werdum combat team,Male,30,White/Caucasian,3 Independent/Moderate
2016-06-28 05:59:08,Portugal,Kléber Jiu Jitsu - Nova União,Male,29,White/Caucasian,3 Independent/Moderate
2016-06-28 05:41:28,British,"Gracie Barra Preston, UK",Male,24,White/Caucasian,4
2016-06-28 05:28:35,American,Glory MMA & Fitness - Leonardo Pecanha (Nova Uniao),Male,26,White/Caucasian,4
2016-06-28 04:32:00,Australian,Flow Martial Arts,Male,18,White/Caucasian,4
2016-06-28 04:29:14,French,De la Riva Dublin and Infini Jiu Jitsu Strabourg (bjj globetrotters),Male,25,White/Caucasian,3 Independent/Moderate
2016-06-28 04:25:49,Austtalian,Roots bjj,Male,54,White/Caucasian,4
2016-06-28 04:07:45,"British, German, Norwegian ","Fox Valley Grappling Club, Luiz Claudio-Rickson Gracie",Male,24,White/Caucasian,4
2016-06-28 04:00:28,canadian,Universal MMA - Zenith BJJ,Male,22,White/Caucasian,3 Independent/Moderate
2016-06-28 03:54:46,USA,Alliance MN,Female,27,White/Caucasian,3 Independent/Moderate
2016-06-28 03:51:01,Swedish/American,Redline Fight Sports - Carlos Neto BJJ,Male,29,White/Caucasian,6 Democratic/Liberal
2016-06-28 03:43:12,Brush,Ekbjj,Male,36,White/Caucasian,2
2016-06-28 03:39:56,American,"Chu to bu - Brasa affiliate ",Male,21,White/Caucasian,5
2016-06-28 03:35:04,canada,element bjj - marcelo garcia,Male,31,White/Caucasian,4
2016-06-28 03:18:43,English,"Roger Gracie Affiliate ",Male,18,White/Caucasian,5
2016-06-28 03:17:53,American,Gracie Barra,Male,18,White/Caucasian,4
2016-06-28 02:59:46,Norway,Frontline Academy,Male,27,White/Caucasian,6 Democratic/Liberal
2016-06-28 02:48:35,murica,10th planet,Male,23,Asian/Pacific Islander,3 Independent/Moderate
2016-06-28 02:46:22,Danish,prefer to be anonymous - we are not affiliated,Female,27,Asian/Pacific Islander,5
2016-06-28 02:25:50,American,"The Jiu Jitsu Club - Flagstaff, AZ",Male,28,White/Caucasian,4
2016-06-28 02:13:24,Australia,Gracie Barra,Male,23,White/Caucasian,5
2016-06-28 02:13:04,USA,RJC Machado,Male,35,White/Caucasian,0 Republican/Conservative
2016-06-28 02:05:27,Irish,Not Affiliated. Indepedent Academy in Sydney,Male,30,White/Caucasian,4
2016-06-28 01:45:50,vietnamese,DDR BJJ,Male,28,Asian/Pacific Islander,3 Independent/Moderate
2016-06-28 01:30:47,Colombian,Kyoto nyc,Male,29,Hispanic/Latino,4
2016-06-28 01:25:51,US,,Male,36,Hispanic/Latino,5
2016-06-28 01:05:50,American,Montanha Jiu Jitsu,Male,,White/Caucasian,1
2016-06-28 01:04:09,mutt...mostly Norwegian and Irish,,Male,46,White/Caucasian,3 Independent/Moderate
2016-06-28 00:58:40,Canadian,JR Academy formerly under Bracie Barra,Male,37,White/Caucasian,4
2016-06-28 00:57:34,Japanese American,"Siege MMA - One Jiu Jitsu ",Male,30,Asian/Pacific Islander,1
2016-06-28 00:50:02,USA,KOA Fitness,Male,27,White/Caucasian,3 Independent/Moderate
2016-06-28 00:48:54,Canadian,,Female,30,White/Caucasian,6 Democratic/Liberal
2016-06-28 00:40:50,American,Performance martial arts academy- a Ribeiro/Lovato affiliate,Male,25,White/Caucasian,4
2016-06-28 00:38:57,USA! USA!,"Seattle Integrated Martial Arts - A Northwest Jiu Jitsu Academy Affilate ",Male,36,White/Caucasian,5
2016-06-28 00:37:25,USA,Memphis BJJ- Marcelo Garcia Affiliate,Male,18,White/Caucasian,3 Independent/Moderate
2016-06-28 00:36:40,USA,Filipe Barbosa BJJ Academy,Male,36,White/Caucasian,4
2016-06-28 00:28:32,,Will Machardo,Male,31,White/Caucasian,3 Independent/Moderate
2016-06-28 00:17:07,US - California,West Coast Jiu Jitsu,Male,28,White/Caucasian,6 Democratic/Liberal
2016-06-28 00:08:54,New Zealand,GSW - John Will/ Rigan Machado Affiliate,Male,26,White/Caucasian,3 Independent/Moderate
2016-06-28 00:06:39,US citizen,10th Planet Costa Mesa,Male,36,White/Caucasian,6 Democratic/Liberal
2016-06-28 00:06:26,American,"Gracie Combatives ",Male,24,Hispanic/Latino,2
2016-06-28 00:05:15,Canadian,NU,Male,24,Asian/Pacific Islander,3 Independent/Moderate
2016-06-27 23:58:04,Singaporean,Universal Combat Academy - John Will Machado,Male,27,Asian/Pacific Islander,3 Independent/Moderate
2016-06-27 23:56:39,"Jewish/American ",BrooklynBJJ,Male,20,White/Caucasian,5
2016-06-27 23:47:30,irish,ribeiro bjj,Male,25,White/Caucasian,6 Democratic/Liberal
2016-06-27 23:29:08,"United States of America ",Tama Martial Arts,Male,20,White/Caucasian,3 Independent/Moderate
2016-06-27 23:17:41,USA,Carlson Gracie,Male,33,White/Caucasian,6 Democratic/Liberal
2016-06-27 23:12:21,USA,Gracie Palm Harbor - a Gracie Tampa Affiliate,Male,45,White/Caucasian,5
2016-06-27 23:03:15,United States,Minnesota Martial arts Academy - Pedro Sauer,Male,27,White/Caucasian,6 Democratic/Liberal
2016-06-27 23:01:16,"American ","Tiger Martial Arts Academy - Pedro Sauer Affiliate ",Male,27,White/Caucasian,3 Independent/Moderate
2016-06-27 22:58:01,Us,Octagon mma,Male,30,Hispanic/Latino,4
2016-06-27 22:57:18,Jewish/Polish/German/Lithuanian,"Prefer not to say - no affiliation ",Female,18,White/Caucasian,5
2016-06-27 22:50:58,,Crazy Monkey Defense,Male,32,White/Caucasian,3 Independent/Moderate
2016-06-27 22:44:55,US,Kioto BJJ (Port Jefferson),Male,35,White/Caucasian,4
2016-06-27 22:40:22,USA,True Believer Jiu Jitsu,Female,23,White/Caucasian,5
2016-06-27 22:39:16,"Polish and Filipino ",Team Brasa - Compreido,Male,27,Asian/Pacific Islander,4
2016-06-27 22:36:48,"Brazilian ","Escola de Lutas Niterói - Luiz Paulo jiu-jitsu affiliate ",Male,35,Hispanic/Latino,6 Democratic/Liberal
2016-06-27 22:14:26,American,Brad Sandoval,Male,44,White/Caucasian,5
2016-06-27 22:13:31,Icelandic,Mjölnir - SBGi,Male,25,White/Caucasian,4
2016-06-27 22:11:14,Portugal,Its not affiliated,Male,18,White/Caucasian,3 Independent/Moderate
2016-06-27 22:10:10,,,Male,39,Asian/Pacific Islander,3 Independent/Moderate
2016-06-27 22:08:08,"American ","Zanshin Dojo - Nashville 2006-2009, Pa combat sports -2016 - current ",Male,38,White/Caucasian,2
2016-06-27 22:07:03,US,University of Jiu Jitsu,Male,29,Asian/Pacific Islander,3 Independent/Moderate
2016-06-27 21:57:45,"Israel(in relation to last question, I do not have a political stance on what is going on in the US...)","Gracie Humaitá Israel ",Male,18,White/Caucasian,3 Independent/Moderate
2016-06-27 21:54:42,USA,Tipping Point BJJ - Bonsai JJ,Male,19,White/Caucasian,2
2016-06-27 21:47:04,Canadian,Straight Blast Gym Toronto,Male,33,Asian/Pacific Islander,3 Independent/Moderate
2016-06-27 21:42:40,Australian,Will - Machado,Male,36,White/Caucasian,1
2016-06-27 21:40:08,United States,,Male,22,Asian/Pacific Islander,2
2016-06-27 21:38:05,Canadian,Elements Academy of Martial Arts - A Riyce Gracie Affiliate,Male,44,White/Caucasian,6 Democratic/Liberal
2016-06-27 21:37:27,American,Daniel Beleza Brazilian Jiu Jitsu,Male,31,White/Caucasian,3 Independent/Moderate
2016-06-27 21:35:19,"American ",OC Carlson Gracie - Orange,Male,41,White/Caucasian,2
2016-06-27 21:33:09,Canada,Gracie Barra Vancouver,Female,31,Asian/Pacific Islander,6 Democratic/Liberal
2016-06-27 21:32:49,USA,"SAS Team USA Beleza ",Male,40,White/Caucasian,0 Republican/Conservative
2016-06-27 21:30:09,usa,,Male,23,White/Caucasian,5
2016-06-27 21:22:46,Brazilian,Ribeiro Jiu Jitsu Manaus,Male,29,,5
2016-06-27 21:21:42,American,Sion bjj,Male,27,White/Caucasian,1
2016-06-27 21:13:17,,,Male,18,White/Caucasian,5
2016-06-27 21:06:49,"United States ","Zero Bjj - Team SAS ",Male,22,White/Caucasian,0 Republican/Conservative
2016-06-27 21:01:54,American,Aforce Bjj - Andre Montinero,Male,34,White/Caucasian,3 Independent/Moderate
2016-06-27 21:01:37,American,na,Male,36,Native American/American Indian,2
2016-06-27 20:59:33,South America,,Male,30,Hispanic/Latino,
2016-06-27 20:59:20,USA,"Soulcraft BJJ - A Macarra BJJ (Marcio Stambowsky) Affiliate ",Male,32,White/Caucasian,4
2016-06-27 20:59:17,United states,Devine JJ,Male,23,White/Caucasian,1
2016-06-27 20:58:45,US,Paragon,Male,34,Hispanic/Latino,3 Independent/Moderate
2016-06-27 20:57:54,"USA ","Olson's Martial Arts-A aped to Sauer affiliate ",Male,36,White/Caucasian,2
2016-06-27 20:50:50,canada,5th dimension - drysdale (zenith),Male,32,White/Caucasian,4
2016-06-27 20:50:13,Australian,Peter debeen affiliate,Male,21,White/Caucasian,4
2016-06-27 20:47:58,American,Diaz Martial Arts,Male,22,White/Caucasian,6 Democratic/Liberal
2016-06-27 20:44:36,,"Renzo Gracie Pitt ",Male,24,White/Caucasian,4
2016-06-27 20:43:08,"American ",Gracie Barra,Male,38,White/Caucasian,5
2016-06-27 20:42:53,Canadian,Prince Rupert BJJ,Male,37,Black/African American,6 Democratic/Liberal
2016-06-27 20:38:46,Canada (via Britain & Japan),Ribeiro Jiu-Jitsu Vancouver (Saulo & Xande Ribeiro),Male,31,White/Caucasian,4
2016-06-27 20:38:31,USA,Evolution Grappling Academy - a Soul Fighters affiliate,Male,39,Hispanic/Latino,2
2016-06-27 20:37:49,Australian,Atos Brisbane / Mota-Vation Jiu Jitsu - Atos Affiliate,Male,33,White/Caucasian,5
2016-06-27 20:26:21,Australian,myBJJ Team,Male,18,Asian/Pacific Islander,0 Republican/Conservative
2016-06-27 20:25:33,,Team Pedro Sauer Affiliate,Male,42,White/Caucasian,2
2016-06-27 20:24:50,USA,Juniko,Male,22,White/Caucasian,3 Independent/Moderate
2016-06-27 20:22:21,German/Polish,Beleza Bjj   SAS Team USA,Female,42,White/Caucasian,2
2016-06-27 20:16:36,United States,Agoge Combatives-Rigan Machado Affiliate,Male,34,White/Caucasian,2
2016-06-27 20:12:32,USA,"gi at North Bay Jiu Jitsu - Eduardo Rocha affiliate under Ribeiro JJ, also train no gi at Lavin MMA, no affiliation",Female,31,White/Caucasian,6 Democratic/Liberal
2016-06-27 20:05:22,US Citizen,Beleza Jiu Jitsu -  SAS Team USA,Male,37,White/Caucasian,3 Independent/Moderate
2016-06-27 19:57:02,Italian; Irish,Soca BJJ,Male,45,White/Caucasian,5
2016-06-27 19:54:06,American,Gracie Barra,Male,45,White/Caucasian,3 Independent/Moderate
2016-06-27 19:50:49,,north van bjj,Male,,White/Caucasian,3 Independent/Moderate
2016-06-27 19:46:46,USA,Cassio Werneck BJJ,Female,24,White/Caucasian,3 Independent/Moderate
2016-06-27 19:39:36,,,Male,38,White/Caucasian,
2016-06-27 19:31:08,American,Stafford BJJ - Big Brothers/Leo Dalla Affiliate,Male,30,Black/African American,3 Independent/Moderate
2016-06-27 19:28:07,"English ","Maidenhead martial arts ",Male,18,Asian/Pacific Islander,3 Independent/Moderate
2016-06-27 19:25:47,French/English/Irish/Scottish,Alliance Jiu Jitsu,Male,28,White/Caucasian,2
2016-06-27 19:19:51,,,Male,28,White/Caucasian,1
2016-06-27 19:16:21,,"DDR Chico - DDR ",Male,27,White/Caucasian,4
2016-06-27 19:11:00,u.s.,Rice Bros BJJ,Male,35,White/Caucasian,2
2016-06-27 18:52:37,Scottish,"Connection Gracie Jiu Jitsu - nil affiliation ",Male,27,White/Caucasian,4
2016-06-27 18:52:21,,Gracie barra corpus christi,Male,39,White/Caucasian,3 Independent/Moderate
2016-06-27 18:50:18,American,Marshmallow BJJ - CSW/Nova Uniao,Male,31,White/Caucasian,3 Independent/Moderate
2016-06-27 18:49:03,American,Greubel's MMA - An Alliance Affiliate,Male,34,White/Caucasian,4
2016-06-27 18:46:28,USA,Gracie humaita in southeast missouri,Male,36,White/Caucasian,6 Democratic/Liberal
2016-06-27 18:42:29,USA,Pat Robinson's Choke-U,Male,32,White/Caucasian,3 Independent/Moderate
2016-06-27 18:41:20,Australian,Alliance BJJ Brisbane,Male,31,White/Caucasian,5
2016-06-27 18:32:05,Filipino,Marcelo Alonso,Male,22,Asian/Pacific Islander,3 Independent/Moderate
2016-06-27 18:32:03,American,Toplevel martial arts-Pedro Sauler affiliate,Male,27,White/Caucasian,4
2016-06-27 18:31:17,Australian,Will - Machado,Male,32,Asian/Pacific Islander,4
2016-06-27 18:31:01,,Gracie barra,Male,35,Hispanic/Latino,5
2016-06-27 18:28:21,american,Ali Dinar Jiu-Jitsu - De La Riva,Male,22,White/Caucasian,5
2016-06-27 18:26:05,White/Jew,Hollywood BJJ - A Paragon Affiliate,Male,37,White/Caucasian,6 Democratic/Liberal
2016-06-27 18:24:55,American,devine bjj - scott devine affiliate,Male,36,White/Caucasian,6 Democratic/Liberal
2016-06-27 18:18:56,"United States ",,Male,41,White/Caucasian,2
2016-06-27 18:08:56,USA,"Pacific Ring Sports - A Fabio Prado Affiliate ",Male,33,White/Caucasian,5
2016-06-27 18:06:41,English/Irish,Roger Machado,Male,45,White/Caucasian,3 Independent/Moderate
2016-06-27 18:05:10,American,Alvarez BJJ - Bruno Bastos Association,Male,32,White/Caucasian,2
2016-06-27 18:03:59,USA,,Male,29,White/Caucasian,4
2016-06-27 17:57:50,American,Triangle JiuJitsu Royce Gracie,Male,31,White/Caucasian,5
2016-06-27 17:51:06,Canada,n/a,Male,18,Asian/Pacific Islander,3 Independent/Moderate
2016-06-27 17:44:50,American,Combat Sports Academy - A Gracie Fighter Affiliate,Male,29,White/Caucasian,4
2016-06-27 17:44:40,American,Devine Jiu Jitsu Charleston,Male,35,White/Caucasian,5
2016-06-27 17:43:10,American,Mat Chess MMA,Male,28,White/Caucasian,3 Independent/Moderate
2016-06-27 17:39:33,American,Devine Charleston,Male,33,White/Caucasian,4
2016-06-27 17:39:04,United states,"Riptide bjj - Riberio Affiliate ",Male,25,White/Caucasian,3 Independent/Moderate
2016-06-27 17:35:25,United States,Devine Jiu Jitsu Charleston,Male,28,White/Caucasian,5
2016-06-27 17:34:39,American,Devine Jiu Jitsu Charleston,Male,43,White/Caucasian,6 Democratic/Liberal
2016-06-27 17:34:36,U.S.A,University of Jiu Jitsu - Ribeiro Association,Male,34,White/Caucasian,5
2016-06-27 17:34:10,United States,Renzo Gracie Academy NYC,Male,31,White/Caucasian,5
2016-06-27 17:32:51,Canada,NVBJJ -- Gracie Academyu,Male,44,White/Caucasian,6 Democratic/Liberal
2016-06-27 17:27:21,Indian,,Male,28,Asian/Pacific Islander,4
2016-06-27 17:26:16,American,KCBJJ - Renato Tavares,Male,38,White/Caucasian,6 Democratic/Liberal
2016-06-27 17:24:22,,,Male,40,White/Caucasian,3 Independent/Moderate
